campaignid,sample,broad.ascidians,broad.bryozoa,broad.consolidated,broad.crinoids,broad.hydroids,broad.invertebrate.complex,broad.macroalgae,broad.octocoral.black,broad.reef,broad.seagrasses,broad.sponges,broad.stony.corals,broad.total.points.annotated,broad.true.anemones,broad.unconsolidated,fov.facing.up,fov.limited,fov.open,mean.relief,method,sd.relief,planned.or.exploratory,latitude,longitude,date,time,location,site,depth,successful.count,successful.length,commonwealth.zone,state.zone,status
2020-10_south-west_stereo-BRUVs,FH10,0,0,12,0,0,0,13,0,31,5,1,0,32,0,1,0,2,38,2.541666667,BRUV,0.508977378,MBH,-33.98618897,114.8863721,20201013,12:32:00,South-west,C.FH.24,42.9,Yes,Yes,Special Purpose Zone (Mining Exclusion),NA,Fished
2020-10_south-west_stereo-BRUVs,FH102,0,0,0,0,0,0,0,0,0,0,0,0,35,0,35,0,2,38,0.185185185,BRUV,0.395847391,MBH,-33.68868897,114.9288721,20201017,6:42:00,South-west,C.FH.3,44.1,Yes,Yes,NA,Injidup Sanctuary Zone,No-take
2020-10_south-west_stereo-BRUVs,FH106,0,0,6,0,0,0,19,0,25,0,0,0,31,0,6,0,3,37,2.173913043,BRUV,0.576208131,MBH,-33.78868897,114.8163721,20201012,13:16:00,South-west,C.FH.12,47.1,Yes,Yes,Special Purpose Zone (Mining Exclusion),NA,Fished
2020-10_south-west_stereo-BRUVs,FH108,1,0,2,0,0,0,15,0,18,0,0,0,32,0,14,0,3,37,1.695652174,BRUV,0.558795995,MBH,-33.76118897,114.9238721,20201017,9:32:00,South-west,C.FH.9,44.7,Yes,Yes,Special Purpose Zone (Mining Exclusion),NA,Fished
2020-10_south-west_stereo-BRUVs,FH109,0,0,4,0,0,0,10,0,32,7,11,0,36,0,4,0,3,33,2.6,BRUV,0.598243042,MBH,-33.91618897,114.9088721,20201029,13:04:00,South-west,C.FH.20,45.9,Yes,Yes,Special Purpose Zone (Mining Exclusion),NA,Fished
2020-10_south-west_stereo-BRUVs,FH11,0,1,2,0,0,0,1,0,10,0,6,0,28,0,18,0,3,37,1.52,BRUV,1.357694124,MBH,-33.89868897,114.9388721,20201029,14:48:00,South-west,C.FH.18,42.3,Yes,Yes,NA,NA,Fished
2020-10_south-west_stereo-BRUVs,FH110,0,0,5,0,0,0,3,0,14,1,5,0,26,0,12,0,2,38,2,BRUV,0.9258201,MBH,-33.80868897,114.8213721,20201012,15:06:00,South-west,C.FH.13,44.7,Yes,Yes,Special Purpose Zone (Mining Exclusion),NA,Fished
2020-10_south-west_stereo-BRUVs,FH111,0,0,2,0,0,0,11,0,16,3,0,0,37,0,21,0,1,39,1.72,BRUV,0.842614977,MBH,-33.98618897,114.8788721,20201013,12:28:00,South-west,C.FH.24,41.4,Yes,Yes,Special Purpose Zone (Mining Exclusion),NA,Fished
2020-10_south-west_stereo-BRUVs,FH113,0,0,8,0,0,0,9,0,32,12,3,0,33,0,1,0,1,39,2.666666667,BRUV,0.481543412,MBH,-33.72368897,114.7963721,20201012,12:41:00,South-west,C.FH.7,45,Yes,No,Special Purpose Zone (Mining Exclusion),NA,Fished
2020-10_south-west_stereo-BRUVs,FH12,0,0,2,0,0,0,18,0,26,4,2,0,30,0,4,0,3,37,2.15,BRUV,0.366347549,MBH,-33.91868897,114.8963721,20201029,12:46:00,South-west,C.FH.21,46.1,Yes,Yes,Special Purpose Zone (Mining Exclusion),NA,Fished
2020-10_south-west_stereo-BRUVs,FH14,0,0,7,0,0,0,15,0,23,0,1,0,34,0,11,0,3,37,1.888888889,BRUV,0.506369684,MBH,-33.76618897,114.8713721,20201017,11:24:00,South-west,C.FH.10,44.4,Yes,No,Special Purpose Zone (Mining Exclusion),NA,Fished
2020-10_south-west_stereo-BRUVs,FH15,0,0,0,0,0,0,0,0,0,0,0,0,33,0,33,0,2,38,0,BRUV,0,MBH,-33.68868897,114.8063721,20201012,10:29:00,South-west,C.FH.4,48,Yes,Yes,Special Purpose Zone (Mining Exclusion),NA,Fished
2020-10_south-west_stereo-BRUVs,FH16,0,0,5,0,0,0,12,0,26,8,1,0,34,0,8,0,4,36,2.46875,BRUV,0.567073699,MBH,-33.90118897,114.8563721,20201013,8:02:00,South-west,C.FH.19,43.1,Yes,check calibration,Special Purpose Zone (Mining Exclusion),NA,Fished
2020-10_south-west_stereo-BRUVs,FH17,0,0,1,0,0,0,17,0,22,0,4,0,35,0,13,0,2,38,1.846153846,BRUV,0.464095481,MBH,-33.83368897,114.8763721,20201012,15:35:00,South-west,C.FH.14,42.9,Yes,Yes,Special Purpose Zone (Mining Exclusion),NA,Fished
2020-10_south-west_stereo-BRUVs,FH18,0,0,3,0,0,0,9,0,12,0,0,0,22,0,10,0,2,38,2,BRUV,0.794719414,MBH,-33.79118897,114.8213721,20201012,13:19:00,South-west,C.FH.12,43.5,Yes,Yes,Special Purpose Zone (Mining Exclusion),NA,Fished
2020-10_south-west_stereo-BRUVs,FH2,0,0,4,0,0,0,3,0,15,7,1,0,21,0,6,0,5,35,2.4,BRUV,0.707106781,MBH,-33.91868897,114.8913721,20201029,12:43:00,South-west,C.FH.21,43.9,Yes,No,Special Purpose Zone (Mining Exclusion),NA,Fished
2020-10_south-west_stereo-BRUVs,FH20,0,0,8,0,0,0,9,0,18,1,0,0,30,0,12,0,0,40,2.05,BRUV,0.604805319,MBH,-33.78618897,114.8738721,20201017,11:40:00,South-west,C.FH.11,43.1,Yes,Yes,Special Purpose Zone (Mining Exclusion),NA,Fished
2020-10_south-west_stereo-BRUVs,FH21,0,0,10,0,0,0,16,0,35,5,4,0,37,0,2,0,1,39,2.64,BRUV,0.489897949,MBH,-33.79368897,114.8088721,20201012,13:26:00,South-west,C.FH.12,45,Yes,Yes,Special Purpose Zone (Mining Exclusion),NA,Fished
2020-10_south-west_stereo-BRUVs,FH23,0,0,8,0,0,0,2,0,20,10,0,0,29,0,9,0,7,33,2.48,BRUV,0.653197265,MBH,-33.94618897,114.8288721,20201013,9:51:00,South-west,C.FH.22,44.2,Yes,Yes,Special Purpose Zone (Mining Exclusion),NA,Fished
2020-10_south-west_stereo-BRUVs,FH24,0,0,1,0,0,0,11,0,13,0,1,0,35,0,22,0,1,39,1.6,BRUV,0.50262469,MBH,-33.66868897,114.8438721,20201012,7:55:00,South-west,C.FH.1,47.6,Yes,Yes,Special Purpose Zone (Mining Exclusion),NA,Fished
2020-10_south-west_stereo-BRUVs,FH25,0,3,6,0,0,0,7,0,24,5,3,0,32,0,8,0,1,37,2.32,BRUV,0.690410506,MBH,-33.87868897,114.8163721,20201013,7:34:00,South-west,C.FH.16,45.4,Yes,Yes,Special Purpose Zone (Mining Exclusion),NA,Fished
2020-10_south-west_stereo-BRUVs,FH26,0,0,7,0,0,0,5,0,14,0,2,0,14,0,0,0,6,14,2.4375,BRUV,0.512347538,MBH,-33.81118897,114.8288721,20201012,15:10:00,South-west,C.FH.13,44.1,Yes,check calibration,Special Purpose Zone (Mining Exclusion),NA,Fished
2020-10_south-west_stereo-BRUVs,FH27,0,0,9,0,0,0,5,0,20,1,5,0,23,0,3,0,4,36,2.25,BRUV,0.638666374,MBH,-33.83618897,114.8713721,20201012,15:39:00,South-west,C.FH.14,42.9,Yes,Yes,Special Purpose Zone (Mining Exclusion),NA,Fished
2020-10_south-west_stereo-BRUVs,FH28,0,0,1,0,0,0,0,0,1,0,0,0,32,0,31,0,3,37,0.76,BRUV,0.663324958,MBH,-33.76368897,114.9338721,20201017,9:24:00,South-west,C.FH.9,44.7,Yes,Yes,NA,NA,Fished
2020-10_south-west_stereo-BRUVs,FH30,0,0,0,0,0,0,29,0,29,0,0,0,31,0,2,0,3,37,2.818181818,BRUV,0.394771017,MBH,-33.75118897,114.8888721,20201017,11:12:00,South-west,C.FH.8,46.2,Yes,Yes,Special Purpose Zone (Mining Exclusion),NA,Fished
2020-10_south-west_stereo-BRUVs,FH31,0,0,4,0,0,0,27,0,31,0,0,0,37,0,6,0,0,40,2.392857143,BRUV,0.685256682,MBH,-33.67368897,114.8238721,20201012,8:27:00,South-west,C.FH.2,45.4,Yes,Yes,Special Purpose Zone (Mining Exclusion),NA,Fished
2020-10_south-west_stereo-BRUVs,FH32,0,0,0,0,0,0,0,0,4,0,4,0,20,0,16,20,0,20,0.9375,BRUV,0.928708781,MBH,-33.69618897,114.9463721,20201017,8:50:00,South-west,C.FH.5,42.9,Yes,No,NA,Injidup Sanctuary Zone,No-take
2020-10_south-west_stereo-BRUVs,FH33,0,0,7,0,0,0,9,0,26,5,5,0,32,0,6,0,2,38,2.227272727,BRUV,0.611930449,MBH,-33.70868897,114.8263721,20201012,10:54:00,South-west,C.FH.6,42.3,Yes,No,Special Purpose Zone (Mining Exclusion),NA,Fished
2020-10_south-west_stereo-BRUVs,FH34,1,0,14,0,1,0,6,0,26,2,2,0,31,0,5,0,2,37,2.166666667,BRUV,0.637022057,MBH,-33.78618897,114.8838721,20201017,11:51:00,South-west,C.FH.11,44.8,Yes,Yes,Special Purpose Zone (Mining Exclusion),NA,Fished
2020-10_south-west_stereo-BRUVs,FH35,0,0,2,0,0,0,0,0,2,0,0,0,20,0,18,0,1,39,0.5,BRUV,0.516397779,MBH,-33.88368897,114.9313721,20201029,15:09:00,South-west,C.FH.17,45.2,Yes,Yes,NA,NA,Fished
2020-10_south-west_stereo-BRUVs,FH37,0,0,12,0,0,0,6,0,21,1,2,0,25,0,4,0,5,35,2.423076923,BRUV,0.503831474,MBH,-33.71118897,114.8138721,20201012,11:03:00,South-west,C.FH.6,44.2,Yes,Yes,Special Purpose Zone (Mining Exclusion),NA,Fished
2020-10_south-west_stereo-BRUVs,FH39,0,1,2,0,0,0,13,0,23,0,6,0,29,1,6,0,0,40,2.083333333,BRUV,0.503610155,MBH,-33.90368897,114.9313721,20201029,14:44:00,South-west,C.FH.18,44.8,Yes,Yes,NA,NA,Fished
2020-10_south-west_stereo-BRUVs,FH40,0,0,1,0,0,0,17,0,20,0,2,0,29,0,9,0,4,36,2.130434783,BRUV,0.757048565,MBH,-33.92368897,114.8888721,20201029,12:40:00,South-west,C.FH.21,42.9,Yes,No,Special Purpose Zone (Mining Exclusion),NA,Fished
2020-10_south-west_stereo-BRUVs,FH41,0,1,7,0,0,0,11,0,35,14,2,0,35,0,0,0,2,34,2.870967742,BRUV,0.340777101,MBH,-33.67118897,114.8388721,20201012,8:01:00,South-west,C.FH.1,44.1,Yes,Yes,Special Purpose Zone (Mining Exclusion),NA,Fished
2020-10_south-west_stereo-BRUVs,FH42,0,0,2,0,0,0,25,0,34,6,1,0,35,0,1,0,1,39,2.888888889,BRUV,0.320256308,MBH,-33.88118897,114.8113721,20201013,7:38:00,South-west,C.FH.16,45.7,Yes,Yes,Special Purpose Zone (Mining Exclusion),NA,Fished
2020-10_south-west_stereo-BRUVs,FH44,0,0,3,0,0,0,6,0,21,10,2,0,31,0,10,0,2,36,2.538461538,BRUV,0.706018086,MBH,-33.77118897,114.8638721,20201017,11:28:00,South-west,C.FH.10,43.3,Yes,Yes,Special Purpose Zone (Mining Exclusion),NA,Fished
2020-10_south-west_stereo-BRUVs,FH45,0,0,1,0,0,0,16,0,21,4,0,0,26,0,5,0,1,39,2.608695652,BRUV,0.656376447,MBH,-33.69368897,114.7988721,20201012,10:39:00,South-west,C.FH.4,47.6,Yes,Yes,Special Purpose Zone (Mining Exclusion),NA,Fished
2020-10_south-west_stereo-BRUVs,FH46,0,0,0,0,0,0,5,0,6,0,1,0,30,0,24,0,3,37,0.95,BRUV,0.825577947,MBH,-33.76618897,114.9288721,20201017,9:28:00,South-west,C.FH.9,44.9,Yes,Yes,NA,NA,Fished
2020-10_south-west_stereo-BRUVs,FH47,0,0,9,0,0,0,17,0,31,5,0,0,32,0,1,0,3,34,2.458333333,BRUV,0.508977378,MBH,-33.90618897,114.8488721,20201013,8:09:00,South-west,C.FH.19,43.5,Yes,Yes,Special Purpose Zone (Mining Exclusion),NA,Fished
2020-10_south-west_stereo-BRUVs,FH48,2,1,1,0,0,3,2,0,17,3,5,0,17,0,0,0,3,17,2.7,BRUV,0.470162346,MBH,-33.79618897,114.8138721,20201012,13:23:00,South-west,C.FH.12,48.5,Yes,reconvert R videos,Special Purpose Zone (Mining Exclusion),NA,Fished
2020-10_south-west_stereo-BRUVs,FH49,0,1,5,0,0,0,12,0,28,0,10,0,31,0,3,0,1,38,2.5,BRUV,0.512989176,MBH,-33.92118897,114.9163721,20201029,13:00:00,South-west,C.FH.20,43.9,Yes,Yes,Special Purpose Zone (Mining Exclusion),NA,Fished
2020-10_south-west_stereo-BRUVs,FH5,0,0,8,0,0,0,2,0,22,10,2,0,24,0,2,0,5,35,2.181818182,BRUV,0.852802865,MBH,-33.69368897,114.9413721,20201017,8:46:00,South-west,C.FH.5,44.5,Yes,Yes,NA,Injidup Sanctuary Zone,No-take
2020-10_south-west_stereo-BRUVs,FH50,0,0,0,0,0,0,0,0,0,0,0,0,26,0,26,0,1,39,0,BRUV,0,MBH,-33.68118897,114.9313721,20201017,6:51:00,South-west,C.FH.3,44.6,Yes,Yes,NA,Injidup Sanctuary Zone,No-take
2020-10_south-west_stereo-BRUVs,FH51,0,0,4,0,0,0,8,0,32,18,2,0,36,0,4,0,2,38,2.71875,BRUV,0.581120997,MBH,-33.90618897,114.8538721,20201013,8:06:00,South-west,C.FH.19,43,Yes,Yes,Special Purpose Zone (Mining Exclusion),NA,Fished
2020-10_south-west_stereo-BRUVs,FH52,0,0,17,0,0,1,1,0,28,8,1,0,35,0,7,0,4,28,2.222222222,BRUV,0.751067616,MBH,-33.99118897,114.8888721,20201013,12:36:00,South-west,C.FH.24,42.1,Yes,Yes,Special Purpose Zone (Mining Exclusion),NA,Fished
2020-10_south-west_stereo-BRUVs,FH54,0,0,0,0,0,0,24,0,27,0,3,0,36,0,9,0,1,39,2.185185185,BRUV,0.395847391,MBH,-33.76618897,114.9388721,20201017,9:20:00,South-west,C.FH.9,43.2,Yes,No,NA,NA,Fished
2020-10_south-west_stereo-BRUVs,FH55,0,0,0,0,0,0,1,0,2,0,1,0,33,0,31,0,1,39,0.703703704,BRUV,0.868899163,MBH,-33.92368897,114.9088721,20201029,12:52:00,South-west,C.FH.20,44.9,Yes,Yes,Special Purpose Zone (Mining Exclusion),NA,Fished
2020-10_south-west_stereo-BRUVs,FH56,0,0,11,0,1,0,5,0,25,5,3,0,29,0,4,0,1,33,2.884615385,BRUV,0.325812594,MBH,-33.83118897,114.8663721,20201012,15:31:00,South-west,C.FH.14,43.5,Yes,Yes,Special Purpose Zone (Mining Exclusion),NA,Fished
2020-10_south-west_stereo-BRUVs,FH57,0,2,6,0,0,0,5,0,22,1,8,0,35,0,13,0,3,34,2.185185185,BRUV,0.921413506,MBH,-33.78868897,114.8113721,20201012,13:12:00,South-west,C.FH.12,45.8,Yes,Yes,Special Purpose Zone (Mining Exclusion),NA,Fished
2020-10_south-west_stereo-BRUVs,FH58,0,0,4,0,0,0,11,0,18,3,0,0,32,0,14,0,2,37,2.173913043,BRUV,0.716822148,MBH,-33.66368897,114.8413721,20201012,7:47:00,South-west,C.FH.1,45.1,Yes,Yes,Special Purpose Zone (Mining Exclusion),NA,Fished
2020-10_south-west_stereo-BRUVs,FH59,0,0,2,0,0,0,8,0,10,0,0,0,16,0,6,0,4,16,1.8,BRUV,0.560611911,MBH,-33.66868897,114.8188721,20201012,8:32:00,South-west,C.FH.2,44.6,Yes,reconvert R videos,Special Purpose Zone (Mining Exclusion),NA,Fished
2020-10_south-west_stereo-BRUVs,FH6,0,0,0,0,0,0,7,0,10,3,0,0,11,0,1,0,2,18,2.4,BRUV,0.516397779,MBH,-33.70618897,114.8213721,20201012,10:50:00,South-west,C.FH.6,46,Yes,Yes,Special Purpose Zone (Mining Exclusion),NA,Fished
2020-10_south-west_stereo-BRUVs,FH60,0,0,8,0,0,0,6,0,23,1,8,0,29,0,6,0,2,36,2.208333333,BRUV,0.779027636,MBH,-33.81618897,114.8213721,20201012,15:14:00,South-west,C.FH.13,44.5,Yes,Yes,Special Purpose Zone (Mining Exclusion),NA,Fished
2020-10_south-west_stereo-BRUVs,FH61,0,0,0,0,0,0,12,0,30,11,6,1,30,0,0,0,3,37,2.851851852,BRUV,0.362013993,MBH,-33.84118897,114.8638721,20201012,15:43:00,South-west,C.FH.14,43.9,Yes,Yes,Special Purpose Zone (Mining Exclusion),NA,Fished
2020-10_south-west_stereo-BRUVs,FH62,0,1,7,0,0,0,9,0,23,2,4,0,32,0,9,0,2,38,2.333333333,BRUV,0.481543412,MBH,-33.75618897,114.8813721,20201017,11:17:00,South-west,C.FH.8,45.1,Yes,No,Special Purpose Zone (Mining Exclusion),NA,Fished
2020-10_south-west_stereo-BRUVs,FH63,0,0,1,0,0,0,24,0,25,0,0,0,34,0,9,0,5,35,2.481481481,BRUV,0.70002035,MBH,-33.67868897,114.8163721,20201012,8:20:00,South-west,C.FH.2,46.3,Yes,Yes,Special Purpose Zone (Mining Exclusion),NA,Fished
2020-10_south-west_stereo-BRUVs,FH64,0,0,0,0,0,0,0,0,0,0,0,0,35,0,35,0,2,38,0,BRUV,0,MBH,-33.70118897,114.9388721,20201017,8:56:00,South-west,C.FH.5,44.2,Yes,Yes,NA,Injidup Sanctuary Zone,No-take
2020-10_south-west_stereo-BRUVs,FH65,0,0,3,0,0,0,11,0,15,0,1,0,19,0,4,0,1,19,2.357142857,BRUV,0.497245158,MBH,-33.71368897,114.8188721,20201012,10:59:00,South-west,C.FH.6,45.7,Yes,Yes,Special Purpose Zone (Mining Exclusion),NA,Fished
2020-10_south-west_stereo-BRUVs,FH66,0,0,1,0,0,0,7,0,27,16,3,0,27,0,0,0,4,36,2.92,BRUV,0.276887462,MBH,-33.90618897,114.9363721,20201029,14:40:00,South-west,C.FH.18,41.8,Yes,Yes,NA,NA,Fished
2020-10_south-west_stereo-BRUVs,FH67,0,0,0,0,0,0,2,0,2,0,0,0,27,0,25,0,3,37,1,BRUV,0,MBH,-33.88868897,114.9238721,20201029,15:00:00,South-west,C.FH.17,46.1,Yes,Yes,NA,NA,Fished
2020-10_south-west_stereo-BRUVs,FH68,0,0,10,0,0,0,15,0,29,4,0,0,31,0,2,0,3,35,2.52,BRUV,0.585946528,MBH,-33.95118897,114.8288721,20201013,10:01:00,South-west,C.FH.22,44.5,Yes,Yes,Special Purpose Zone (Mining Exclusion),NA,Fished
2020-10_south-west_stereo-BRUVs,FH69,0,0,8,0,0,0,6,0,23,4,5,0,23,0,0,0,4,36,2.45,BRUV,0.510417786,MBH,-33.69618897,114.8038721,20201012,10:43:00,South-west,C.FH.4,46.9,Yes,Yes,Special Purpose Zone (Mining Exclusion),NA,Fished
2020-10_south-west_stereo-BRUVs,FH7,0,0,6,0,1,1,12,0,29,4,4,1,29,0,0,0,3,37,2.434782609,BRUV,0.506869802,MBH,-33.78368897,114.8788721,20201017,11:45:00,South-west,C.FH.11,45,Yes,Yes,Special Purpose Zone (Mining Exclusion),NA,Fished
2020-10_south-west_stereo-BRUVs,FH70,0,0,2,0,0,0,5,0,14,0,7,0,26,0,12,0,3,37,2,BRUV,0.612372436,MBH,-33.67368897,114.8463721,20201012,8:07:00,South-west,C.FH.1,48.6,Yes,Yes,Special Purpose Zone (Mining Exclusion),NA,Fished
2020-10_south-west_stereo-BRUVs,FH71,0,1,0,0,0,1,22,0,35,7,4,0,37,0,2,0,0,40,2.71875,BRUV,0.634206387,MBH,-33.88368897,114.8188721,20201013,7:30:00,South-west,C.FH.16,45.3,Yes,Yes,Special Purpose Zone (Mining Exclusion),NA,Fished
2020-10_south-west_stereo-BRUVs,FH72,0,0,0,0,0,0,2,0,27,0,25,0,27,0,0,0,2,38,2.9,BRUV,0.307793506,MBH,-33.88868897,114.9288721,20201029,15:06:00,South-west,C.FH.17,44.1,Yes,Yes,NA,NA,Fished
2020-10_south-west_stereo-BRUVs,FH74,0,1,6,0,0,0,3,0,25,14,1,0,33,0,8,0,3,37,2.740740741,BRUV,0.594370552,MBH,-33.73118897,114.8063721,20201012,12:47:00,South-west,C.FH.7,44.9,Yes,Yes,Special Purpose Zone (Mining Exclusion),NA,Fished
2020-10_south-west_stereo-BRUVs,FH77,0,0,5,0,0,0,21,0,28,1,1,0,30,0,2,0,4,36,2,BRUV,0,MBH,-33.99618897,114.8763721,20201013,12:42:00,South-west,C.FH.24,42,Yes,No,Special Purpose Zone (Mining Exclusion),NA,Fished
2020-10_south-west_stereo-BRUVs,FH78,0,0,3,0,0,0,0,0,3,0,0,0,26,0,23,0,5,35,0.842105263,BRUV,0.374634325,MBH,-33.89118897,114.9163721,20201029,14:56:00,South-west,C.FH.17,45.8,Yes,Yes,Special Purpose Zone (Mining Exclusion),NA,Fished
2020-10_south-west_stereo-BRUVs,FH79,0,0,7,0,0,0,12,0,35,11,5,0,35,0,0,0,2,38,2.857142857,BRUV,0.356348323,MBH,-33.88618897,114.8088721,20201013,7:43:00,South-west,C.FH.16,44.9,Yes,Yes,Special Purpose Zone (Mining Exclusion),NA,Fished
2020-10_south-west_stereo-BRUVs,FH8,0,0,5,0,0,0,11,0,29,10,3,0,30,0,1,0,3,37,2.64,BRUV,0.489897949,MBH,-33.72368897,114.8013721,20201012,12:34:00,South-west,C.FH.7,43.9,Yes,Yes,Special Purpose Zone (Mining Exclusion),NA,Fished
2020-10_south-west_stereo-BRUVs,FH82,0,3,1,0,0,4,5,0,15,0,2,0,32,0,17,0,4,35,1.583333333,BRUV,0.717281502,MBH,-33.68618897,114.9238721,20201017,6:46:00,South-west,C.FH.3,44.8,Yes,Yes,NA,Injidup Sanctuary Zone,No-take
2020-10_south-west_stereo-BRUVs,FH83,0,0,2,0,0,1,16,0,20,0,1,0,35,0,15,0,2,38,1.782608696,BRUV,0.671262158,MBH,-33.91118897,114.8463721,20201013,8:13:00,South-west,C.FH.19,40.9,Yes,Yes,Special Purpose Zone (Mining Exclusion),NA,Fished
2020-10_south-west_stereo-BRUVs,FH84,0,0,8,0,0,0,8,0,21,4,1,0,28,0,7,0,3,37,2.296296296,BRUV,0.724027986,MBH,-33.73368897,114.7988721,20201012,12:50:00,South-west,C.FH.7,45.6,Yes,Yes,Special Purpose Zone (Mining Exclusion),NA,Fished
2020-10_south-west_stereo-BRUVs,FH85,0,0,0,0,0,0,8,0,9,0,1,0,18,0,9,0,2,38,2.076923077,BRUV,0.862316499,MBH,-33.92618897,114.9138721,20201029,12:55:00,South-west,C.FH.20,44.7,Yes,Yes,Special Purpose Zone (Mining Exclusion),NA,Fished
2020-10_south-west_stereo-BRUVs,FH87,0,0,8,0,0,0,2,0,17,7,0,0,25,0,8,0,3,32,2.083333333,BRUV,0.829702234,MBH,-33.92868897,114.8938721,20201029,12:36:00,South-west,C.FH.21,43.8,Yes,Yes,Special Purpose Zone (Mining Exclusion),NA,Fished
2020-10_south-west_stereo-BRUVs,FH89,0,0,0,0,0,0,10,0,10,0,0,0,10,0,0,0,2,18,3,BRUV,0,MBH,-33.68618897,114.8013721,20201012,10:34:00,South-west,C.FH.4,45.7,Yes,Yes,Special Purpose Zone (Mining Exclusion),NA,Fished
2020-10_south-west_stereo-BRUVs,FH9,0,0,4,0,0,0,11,0,17,0,2,0,23,0,6,0,4,36,2.037037037,BRUV,0.517500017,MBH,-33.90118897,114.8513721,20201013,7:58:00,South-west,C.FH.19,43.6,Yes,Yes,Special Purpose Zone (Mining Exclusion),NA,Fished
2020-10_south-west_stereo-BRUVs,FH92,2,0,6,0,0,0,13,0,27,6,0,0,32,0,5,0,0,40,2.678571429,BRUV,0.547964005,MBH,-33.84368897,114.8713721,20201012,15:47:00,South-west,C.FH.14,44.2,Yes,Yes,Special Purpose Zone (Mining Exclusion),NA,Fished
2020-10_south-west_stereo-BRUVs,FH93,0,0,4,0,0,0,0,0,37,24,9,0,37,0,0,0,2,38,2.962962963,BRUV,0.19245009,MBH,-33.77618897,114.8688721,20201017,11:33:00,South-west,C.FH.10,43.3,Yes,Yes,Special Purpose Zone (Mining Exclusion),NA,Fished
2020-10_south-west_stereo-BRUVs,FH94,0,0,3,0,0,2,3,0,17,0,9,0,34,0,17,0,0,40,1.76,BRUV,1.090871211,MBH,-33.90868897,114.9413721,20201029,14:36:00,South-west,C.FH.18,41.9,Yes,Yes,NA,NA,Fished
2020-10_south-west_stereo-BRUVs,FH95,0,0,1,0,0,0,16,0,22,0,5,0,29,0,7,0,2,38,2.28,BRUV,0.613731755,MBH,-33.75868897,114.8913721,20201017,11:07:00,South-west,C.FH.8,46.8,Yes,Yes,Special Purpose Zone (Mining Exclusion),NA,Fished
2020-10_south-west_stereo-BRUVs,FH96,0,0,7,0,0,0,7,0,23,6,3,0,30,0,7,0,2,38,2.416666667,BRUV,0.653862548,MBH,-33.81868897,114.8338721,20201012,15:20:00,South-west,C.FH.13,44.9,Yes,Yes,Special Purpose Zone (Mining Exclusion),NA,Fished
2020-10_south-west_stereo-BRUVs,FH99,0,0,2,0,0,0,23,0,28,0,3,0,33,0,5,0,3,37,2.08,BRUV,0.276887462,MBH,-33.95368897,114.8363721,20201013,10:04:00,South-west,C.FH.22,43.5,Yes,Yes,Special Purpose Zone (Mining Exclusion),NA,Fished
2020-10_south-west_stereo-BRUVs,FHA,0,0,4,0,0,0,3,0,8,0,1,0,34,0,26,0,2,38,1.36,BRUV,0.489897949,Legacy,-33.683135,114.937827,20201017,6:55:00,South-west,C.FH.3,44.6,Yes,Yes,NA,Injidup Sanctuary Zone,No-take
2020-10_south-west_stereo-BRUVs,FHB,0,2,3,0,0,0,16,0,25,0,4,0,37,0,12,0,1,39,1.965517241,BRUV,0.68048085,Legacy,-33.681655,114.957127,20201017,7:02:00,South-west,C.FH.A,41.3,Yes,Yes,NA,Injidup Sanctuary Zone,No-take
2020-10_south-west_stereo-BRUVs,FHC,0,0,0,0,0,0,38,0,38,0,0,0,38,0,0,0,0,40,3,BRUV,0,Legacy,-33.680718,114.965092,20201017,7:07:00,South-west,C.FH.A,36.2,Yes,Yes,NA,Injidup Sanctuary Zone,No-take
2020-10_south-west_stereo-BRUVs,FHCO1,0,0,7,0,0,0,17,0,27,0,3,0,30,0,3,0,0,40,2.590909091,BRUV,0.50323628,Legacy,-33.669869,114.809825,20201012,8:38:00,South-west,C.FH.2,44.8,Yes,Yes,Special Purpose Zone (Mining Exclusion),NA,Fished
2020-10_south-west_stereo-BRUVs,FHCO2,0,0,14,0,0,0,4,0,24,6,0,0,24,0,0,0,0,40,2.592592593,BRUV,0.500711744,Legacy,-33.72358,114.813293,20201012,11:13:00,South-west,C.FH.6,42,Yes,Yes,Special Purpose Zone (Mining Exclusion),NA,Fished
2020-10_south-west_stereo-BRUVs,FHCO3,0,0,0,0,0,0,2,0,21,15,4,0,21,0,0,0,4,36,3,BRUV,0,Legacy,-33.948622,114.819555,20201013,9:56:00,South-west,C.FH.22,44.5,Yes,Yes,Special Purpose Zone (Mining Exclusion),NA,Fished
2020-10_south-west_stereo-BRUVs,FHD,0,0,0,0,0,0,1,0,1,0,0,0,33,0,32,0,0,40,0.5,BRUV,0.606976979,Legacy,-33.686897,114.958507,20201017,7:12:00,South-west,C.FH.A,39.5,Yes,Yes,NA,Injidup Sanctuary Zone,No-take
2020-10_south-west_stereo-BRUVs,FHE,0,0,0,0,0,0,0,0,0,0,0,0,34,0,34,0,2,38,0,BRUV,0,Legacy,-33.687267,114.951172,20201017,7:16:00,South-west,C.FH.A,42.3,Yes,Yes,NA,Injidup Sanctuary Zone,No-take
2020-10_south-west_stereo-BRUVs,IO1,0,0,5,0,0,0,0,0,5,0,0,0,32,0,27,0,1,39,1.48,BRUV,1.228820573,MBH,-34.07868897,114.7788721,20201015,12:07:00,South-west,C.IO.43,64.6,Yes,Yes,National Park Zone,NA,No-take
2020-10_south-west_stereo-BRUVs,IO100,0,1,7,0,0,0,17,0,28,0,3,0,34,0,6,0,2,36,2.285714286,BRUV,0.599823607,MBH,-34.07618897,114.9088721,20201029,10:21:00,South-west,C.IO.39,43.6,Yes,Yes,National Park Zone,NA,No-take
2020-10_south-west_stereo-BRUVs,IO101,0,0,3,0,0,0,18,0,23,0,2,0,26,0,3,0,5,34,2.16,BRUV,0.374165739,MBH,-34.07868897,114.8963721,20201029,10:10:00,South-west,C.IO.39,43.5,Yes,Yes,National Park Zone,NA,No-take
2020-10_south-west_stereo-BRUVs,IO102,0,0,5,0,0,1,9,0,37,16,4,2,37,0,0,0,1,38,2.928571429,BRUV,0.262265264,MBH,-34.07118897,114.9113721,20201029,10:26:00,South-west,C.IO.2,45.2,Yes,Yes,National Park Zone,NA,No-take
2020-10_south-west_stereo-BRUVs,IO105,0,0,0,0,1,1,0,0,4,0,2,0,38,0,34,0,1,39,0.782608696,BRUV,0.599736438,MBH,-34.06368897,114.6688721,20201023,9:45:00,South-west,C.IO.30,139,Yes,Yes,National Park Zone,NA,No-take
2020-10_south-west_stereo-BRUVs,IO107,0,0,0,0,0,0,0,0,0,0,0,0,35,0,35,0,3,37,0.590909091,BRUV,0.734139659,MBH,-34.06368897,114.6763721,20201023,9:50:00,South-west,C.IO.30,137,Yes,Yes,National Park Zone,NA,No-take
2020-10_south-west_stereo-BRUVs,IO108,0,1,0,0,0,0,0,0,1,0,0,0,33,0,32,0,1,39,0.3,BRUV,0.470162346,MBH,-34.05118897,114.6688721,20201023,10:04:00,South-west,C.IO.30,138,Yes,Yes,National Park Zone,NA,No-take
2020-10_south-west_stereo-BRUVs,IO109,0,0,0,0,0,0,0,0,0,0,0,0,33,0,33,0,2,38,0.25,BRUV,0.550119604,MBH,-34.05618897,114.6738721,20201023,9:57:00,South-west,C.IO.30,138,Yes,Yes,National Park Zone,NA,No-take
2020-10_south-west_stereo-BRUVs,IO110,0,0,0,0,0,0,0,0,0,0,0,0,34,0,34,0,4,36,0.333333333,BRUV,0.701964118,MBH,-34.14118897,114.7288721,20201022,8:00:00,South-west,C.IO.68,128,Yes,Yes,National Park Zone,NA,No-take
2020-10_south-west_stereo-BRUVs,IO113,0,0,0,0,0,0,0,0,0,0,0,0,33,0,33,0,3,37,0,BRUV,0,MBH,-34.05868897,114.7388721,20201023,7:30:00,South-west,C.IO.31,111,Yes,Yes,National Park Zone,NA,No-take
2020-10_south-west_stereo-BRUVs,IO115,0,0,0,0,0,1,0,0,1,0,0,0,30,0,29,0,1,39,0.347826087,BRUV,0.714059817,MBH,-34.05368897,114.7363721,20201023,7:34:00,South-west,C.IO.31,112,Yes,Yes,National Park Zone,NA,No-take
2020-10_south-west_stereo-BRUVs,IO117,0,0,0,0,0,0,0,0,0,0,0,0,34,0,34,0,3,37,0,BRUV,0,MBH,-34.06368897,114.7388721,20201023,7:25:00,South-west,C.IO.31,115,Yes,Yes,National Park Zone,NA,No-take
2020-10_south-west_stereo-BRUVs,IO119,0,1,4,0,0,0,21,0,31,0,5,0,32,0,1,0,1,39,2.208333333,BRUV,0.414851117,MBH,-34.07618897,114.9038721,20201029,10:17:00,South-west,C.IO.39,43.8,Yes,Yes,National Park Zone,NA,No-take
2020-10_south-west_stereo-BRUVs,IO122,0,0,3,0,0,0,23,0,26,0,0,0,31,0,5,0,2,37,2.48,BRUV,0.509901951,MBH,-34.11618897,114.8263721,20201015,12:35:00,South-west,C.IO.59,57.4,Yes,Yes,National Park Zone,NA,No-take
2020-10_south-west_stereo-BRUVs,IO123,0,0,17,0,0,0,14,0,32,0,1,0,34,0,2,0,2,34,2.428571429,BRUV,0.503952631,MBH,-34.10618897,114.8188721,20201015,12:42:00,South-west,C.IO.59,49.1,Yes,Yes,National Park Zone,NA,No-take
2020-10_south-west_stereo-BRUVs,IO125,0,0,15,0,0,0,11,0,26,0,0,0,30,0,4,0,2,38,2.44,BRUV,0.506622805,MBH,-34.10868897,114.8263721,20201015,12:38:00,South-west,C.IO.59,55.8,Yes,Yes,National Park Zone,NA,No-take
2020-10_south-west_stereo-BRUVs,IO126,0,1,10,0,0,0,19,0,36,4,2,0,36,0,0,0,1,34,2.5,BRUV,0.509901951,MBH,-34.11368897,114.8188721,20201015,12:31:00,South-west,C.IO.59,58.2,Yes,Yes,National Park Zone,NA,No-take
2020-10_south-west_stereo-BRUVs,IO130,0,0,3,0,0,0,4,0,9,2,0,0,9,0,0,0,3,17,2.666666667,BRUV,0.5,MBH,-33.98118897,114.8763721,20201013,12:24:00,South-west,C.IO.37,41.1,Yes,No,Special Purpose Zone (Mining Exclusion),NA,Fished
2020-10_south-west_stereo-BRUVs,IO132,0,0,0,0,1,0,11,0,24,7,5,0,26,0,2,0,2,38,2.45,BRUV,0.510417786,MBH,-33.99118897,114.8713721,20201013,12:47:00,South-west,C.IO.37,42.6,Yes,Yes,Special Purpose Zone (Mining Exclusion),NA,Fished
2020-10_south-west_stereo-BRUVs,IO133,0,1,1,0,0,0,15,0,33,15,1,0,33,0,0,0,0,40,2.923076923,BRUV,0.271746488,MBH,-33.99118897,114.8663721,20201013,12:50:00,South-west,C.IO.37,40.8,Yes,Yes,Special Purpose Zone (Mining Exclusion),NA,Fished
2020-10_south-west_stereo-BRUVs,IO134,0,0,2,0,0,0,19,0,28,4,3,0,31,0,3,0,2,37,2.6,BRUV,0.577350269,MBH,-33.98368897,114.8613721,20201013,12:14:00,South-west,C.IO.37,41.2,Yes,Yes,Special Purpose Zone (Mining Exclusion),NA,Fished
2020-10_south-west_stereo-BRUVs,IO145,0,0,3,0,0,0,25,0,31,1,2,0,32,0,1,0,3,36,2.541666667,BRUV,0.508977378,MBH,-33.98618897,114.8238721,20201013,10:24:00,South-west,C.IO.22,45.5,Yes,Yes,Special Purpose Zone (Mining Exclusion),NA,Fished
2020-10_south-west_stereo-BRUVs,IO146,0,0,18,0,1,0,4,0,25,1,1,0,33,0,8,0,5,34,2.148148148,BRUV,0.718101327,MBH,-33.97618897,114.8213721,20201013,10:17:00,South-west,C.IO.33,45.7,Yes,Yes,Special Purpose Zone (Mining Exclusion),NA,Fished
2020-10_south-west_stereo-BRUVs,IO147,0,1,3,0,0,0,25,0,34,1,4,0,35,0,1,0,0,39,2.576923077,BRUV,0.503831474,MBH,-33.98118897,114.8313721,20201013,10:28:00,South-west,C.IO.33,44,Yes,Yes,Special Purpose Zone (Mining Exclusion),NA,Fished
2020-10_south-west_stereo-BRUVs,IO148,0,0,0,0,0,1,0,0,1,0,0,0,36,0,35,0,2,38,0.8,BRUV,0.645497224,MBH,-34.01118897,114.5963721,20201123,10:31,South-west,C.IO.46,140,Yes,Yes,Special Purpose Zone (Mining Exclusion),NA,Fished
2020-10_south-west_stereo-BRUVs,IO15,0,0,4,0,0,0,12,0,32,16,0,0,33,0,1,0,1,39,2.833333333,BRUV,0.380693494,MBH,-34.06118897,114.8663721,20201016,7:59:00,South-west,C.IO.35,40.8,Yes,Yes,National Park Zone,NA,No-take
2020-10_south-west_stereo-BRUVs,IO152,0,0,17,0,0,0,2,0,26,2,5,0,31,0,5,0,4,29,2.083333333,BRUV,0.653862548,MBH,-33.98118897,114.8688721,20201013,12:18:00,South-west,C.IO.37,41.2,Yes,Yes,Special Purpose Zone (Mining Exclusion),NA,Fished
2020-10_south-west_stereo-BRUVs,IO153,0,3,9,0,0,0,12,0,26,0,2,0,33,0,7,0,1,37,2.037037037,BRUV,0.436901809,MBH,-34.04618897,114.8888721,20201016,7:36:00,South-west,C.IO.65,42.6,Yes,Yes,Special Purpose Zone (Mining Exclusion),NA,Fished
2020-10_south-west_stereo-BRUVs,IO155,0,0,4,0,0,0,19,0,25,0,2,0,29,0,4,0,2,38,2.458333333,BRUV,0.588229966,MBH,-34.04368897,114.8838721,20201016,7:42:00,South-west,C.IO.65,41.9,Yes,Yes,Special Purpose Zone (Mining Exclusion),NA,Fished
2020-10_south-west_stereo-BRUVs,IO157,0,2,2,0,0,0,11,0,29,0,12,0,31,2,2,0,1,38,2.32,BRUV,0.476095229,MBH,-33.97118897,114.8238721,20201013,10:14:00,South-west,C.IO.33,45.6,Yes,No,Special Purpose Zone (Mining Exclusion),NA,Fished
2020-10_south-west_stereo-BRUVs,IO158,0,0,5,0,0,0,0,0,6,1,0,0,15,0,9,0,1,14,1.3,BRUV,0.674948558,MBH,-33.98118897,114.8188721,20201013,10:21:00,South-west,C.IO.33,44.6,Yes,Yes,Special Purpose Zone (Mining Exclusion),NA,Fished
2020-10_south-west_stereo-BRUVs,IO16,0,0,6,0,0,0,10,0,16,0,0,0,33,0,17,0,3,37,1.827586207,BRUV,1.136063552,MBH,-34.07368897,114.8688721,20201016,9:43:00,South-west,C.IO.35,41.4,Yes,No,National Park Zone,NA,No-take
2020-10_south-west_stereo-BRUVs,IO164,1,2,4,0,0,0,9,0,19,0,3,0,24,0,5,0,1,38,2.222222222,BRUV,0.640512615,MBH,-34.03368897,114.9038721,20201016,7:14:00,South-west,C.IO.62,44.1,Yes,Yes,Special Purpose Zone (Mining Exclusion),NA,Fished
2020-10_south-west_stereo-BRUVs,IO165,0,1,7,0,1,2,12,0,27,0,4,0,27,0,0,0,0,39,2.333333333,BRUV,0.483045892,MBH,-34.04368897,114.8988721,20201016,7:23:00,South-west,C.IO.62,42.6,Yes,Yes,Special Purpose Zone (Mining Exclusion),NA,Fished
2020-10_south-west_stereo-BRUVs,IO17,0,0,4,0,0,0,12,0,17,0,1,0,20,0,3,0,7,33,1.894736842,BRUV,0.458831468,MBH,-34.06368897,114.8763721,20201016,8:07:00,South-west,C.IO.35,41.1,Yes,No,National Park Zone,NA,No-take
2020-10_south-west_stereo-BRUVs,IO180,0,0,0,0,0,0,0,0,0,0,0,0,36,0,36,0,2,38,0,BRUV,0,MBH,-33.99618897,114.7038721,20201123,12:36,South-west,C.IO.41,122,Yes,Yes,Special Purpose Zone (Mining Exclusion),NA,Fished
2020-10_south-west_stereo-BRUVs,IO184,0,0,1,0,0,0,14,0,27,0,12,0,34,0,7,0,3,37,2.12,BRUV,0.525991128,MBH,-34.04118897,114.9038721,20201016,7:19:00,South-west,C.IO.62,45.9,Yes,Yes,Special Purpose Zone (Mining Exclusion),NA,Fished
2020-10_south-west_stereo-BRUVs,IO189,0,1,0,0,0,2,0,0,3,0,0,0,33,0,30,0,6,33,0.428571429,BRUV,0.870139562,MBH,-33.98868897,114.6638721,20201023,12:31:00,South-west,C.IO.40,139,Yes,No,Special Purpose Zone (Mining Exclusion),NA,Fished
2020-10_south-west_stereo-BRUVs,IO191,0,0,0,0,1,1,0,0,5,0,3,0,37,0,32,0,1,39,0.652173913,BRUV,0.647280721,MBH,-33.99868897,114.6713721,20201023,12:20:00,South-west,C.IO.40,137,Yes,Yes,Special Purpose Zone (Mining Exclusion),NA,Fished
2020-10_south-west_stereo-BRUVs,IO192,0,0,0,0,0,1,0,0,2,0,1,0,32,0,30,0,3,37,0.227272727,BRUV,0.611930449,MBH,-33.98618897,114.6688721,20201023,12:36:00,South-west,C.IO.40,138,Yes,Yes,Special Purpose Zone (Mining Exclusion),NA,Fished
2020-10_south-west_stereo-BRUVs,IO194,0,0,0,0,0,1,0,0,1,0,0,0,34,0,33,0,1,39,0.409090909,BRUV,0.50323628,MBH,-33.99618897,114.6638721,20201023,12:24:00,South-west,C.IO.40,139,Yes,Yes,Special Purpose Zone (Mining Exclusion),NA,Fished
2020-10_south-west_stereo-BRUVs,IO195,0,0,6,0,0,0,11,0,24,7,0,0,36,0,12,0,2,38,2.333333333,BRUV,0.67936622,Legacy,-34.09368897,114.8588721,20201016,9:57:00,South-west,C.IO.6,43.4,Yes,Yes,National Park Zone,NA,No-take
2020-10_south-west_stereo-BRUVs,IO199,0,0,6,0,0,0,21,0,35,5,1,2,36,0,1,0,1,39,2.6,BRUV,0.50262469,Legacy,-34.08618897,114.8613721,20201016,9:51:00,South-west,C.IO.6,42.1,Yes,Yes,National Park Zone,NA,No-take
2020-10_south-west_stereo-BRUVs,IO201,0,1,15,0,0,0,9,0,27,1,1,0,32,0,5,0,4,31,1.952380952,BRUV,0.589592272,Legacy,-34.05618897,114.8338721,20201015,14:46:00,South-west,C.IO.5,45.3,Yes,Yes,National Park Zone,NA,No-take
2020-10_south-west_stereo-BRUVs,IO204,0,0,1,0,0,2,2,0,13,0,8,0,32,0,19,0,2,38,1.64,BRUV,0.907377173,Legacy,-34.06618897,114.7863721,20201015,10:35:00,South-west,C.IO.7,61.5,Yes,Yes,National Park Zone,NA,No-take
2020-10_south-west_stereo-BRUVs,IO206,0,0,7,0,0,1,0,0,12,0,4,0,31,0,19,0,1,39,1.296296296,BRUV,0.541707756,Legacy,-34.06368897,114.7913721,20201015,10:28:00,South-west,C.IO.7,58.2,Yes,No,National Park Zone,NA,No-take
2020-10_south-west_stereo-BRUVs,IO207,0,0,7,0,0,1,7,0,17,0,2,0,30,0,13,0,2,38,1.631578947,BRUV,0.830697586,Legacy,-34.06118897,114.7863721,20201015,10:23:00,South-west,C.IO.7,60.4,Yes,Yes,National Park Zone,NA,No-take
2020-10_south-west_stereo-BRUVs,IO210,0,0,5,0,0,0,16,0,26,1,4,0,29,0,3,0,2,38,2.291666667,BRUV,0.550032937,Legacy,-34.09118897,114.8738721,20201016,10:09:00,South-west,C.IO.6,43.5,Yes,Yes,National Park Zone,NA,No-take
2020-10_south-west_stereo-BRUVs,IO211,0,0,0,0,0,0,9,0,31,17,5,0,31,0,0,0,5,35,2.888888889,BRUV,0.320256308,Legacy,-34.05618897,114.9063721,20201029,10:42:00,South-west,C.IO.3,43.5,Yes,Yes,National Park Zone,NA,No-take
2020-10_south-west_stereo-BRUVs,IOC06,0,0,8,0,0,0,7,0,33,17,1,0,34,0,1,0,6,32,2.538461538,BRUV,0.508391127,Legacy,-34.048689,114.876372,20201016,7:48:00,South-west,C.IO.65,41.5,Yes,Yes,Special Purpose Zone (Mining Exclusion),NA,Fished
2020-10_south-west_stereo-BRUVs,IO216,0,0,6,0,0,0,15,0,24,0,3,0,35,0,11,0,1,34,2.346153846,BRUV,0.628796164,Legacy,-34.06118897,114.9163721,20201029,10:33:00,South-west,C.IO.3,47.5,Yes,Yes,National Park Zone,NA,No-take
2020-10_south-west_stereo-BRUVs,IO217,0,0,4,0,0,0,4,0,9,0,1,0,37,0,28,0,1,39,1,BRUV,0.288675135,Legacy,-34.06618897,114.9188721,20201016,12:43:00,South-west,C.IO.2,47.1,Yes,Yes,National Park Zone,NA,No-take
2020-10_south-west_stereo-BRUVs,IO218,0,0,3,0,0,0,1,0,4,0,0,0,28,0,24,0,4,36,0.96,BRUV,0.2,Legacy,-34.07368897,114.9213721,20201016,12:28:00,South-west,C.IO.2,46.8,Yes,Yes,National Park Zone,NA,No-take
2020-10_south-west_stereo-BRUVs,IO220,0,0,4,0,0,0,25,0,29,0,0,0,30,0,1,0,3,37,2.36,BRUV,0.489897949,Legacy,-34.05618897,114.8438721,20201015,14:39:00,South-west,C.IO.5,43.7,Yes,Yes,National Park Zone,NA,No-take
2020-10_south-west_stereo-BRUVs,IO222,0,0,6,0,0,0,13,0,19,0,0,0,28,0,9,0,1,35,2.05,BRUV,0.604805319,Legacy,-34.06618897,114.8313721,20201015,14:54:00,South-west,C.IO.4,45,Yes,Yes,National Park Zone,NA,No-take
2020-10_south-west_stereo-BRUVs,IO223,0,0,3,0,0,0,5,0,9,0,1,0,26,0,17,0,3,37,1.37037037,BRUV,0.966681403,Legacy,-34.07118897,114.8463721,20201015,14:25:00,South-west,C.IO.4,42.9,Yes,Yes,National Park Zone,NA,No-take
2020-10_south-west_stereo-BRUVs,IO224,0,0,16,0,0,0,10,0,28,1,1,0,30,0,2,0,1,34,2.318181818,BRUV,0.476731295,Legacy,-34.06118897,114.8388721,20201015,14:35:00,South-west,C.IO.4,43.6,Yes,Yes,National Park Zone,NA,No-take
2020-10_south-west_stereo-BRUVs,IO225,0,0,5,0,0,0,25,0,31,0,1,0,35,0,4,0,3,37,1.92,BRUV,0.276887462,Legacy,-34.07118897,114.8338721,20201015,14:20:00,South-west,C.IO.4,44.9,Yes,Yes,National Park Zone,NA,No-take
2020-10_south-west_stereo-BRUVs,IO226,0,0,7,0,0,0,15,0,23,0,1,0,31,0,8,0,2,38,2.260869565,BRUV,0.688700443,Legacy,-34.06368897,114.8438721,20201015,14:32:00,South-west,C.IO.4,42.8,Yes,Yes,National Park Zone,NA,No-take
2020-10_south-west_stereo-BRUVs,IO227,0,0,4,0,0,0,11,0,17,0,2,0,29,0,12,0,3,37,2.291666667,BRUV,0.806450444,MBH,-33.99868897,114.7838721,20201019,6:37:00,South-west,C.IO.42,52.9,Yes,Yes,Special Purpose Zone (Mining Exclusion),NA,Fished
2020-10_south-west_stereo-BRUVs,IO228,0,3,12,0,0,0,8,0,34,1,8,2,35,0,1,0,2,38,2.44,BRUV,0.506622805,MBH,-34.00368897,114.7938721,20201019,6:46:00,South-west,C.IO.42,50.4,Yes,Yes,Special Purpose Zone (Mining Exclusion),NA,Fished
2020-10_south-west_stereo-BRUVs,IO229,0,0,7,0,0,0,17,0,27,0,3,0,34,0,7,0,3,37,2.703703704,BRUV,0.608580619,MBH,-33.99368897,114.7863721,20201019,6:31:00,South-west,C.IO.42,53,Yes,Yes,Special Purpose Zone (Mining Exclusion),NA,Fished
2020-10_south-west_stereo-BRUVs,IO235,0,0,7,0,0,0,5,0,17,0,5,0,34,0,17,0,0,40,2,BRUV,0.919866211,Legacy,-34.06618897,114.9138721,20201016,12:49:00,South-west,C.IO.2,46.5,Yes,No,National Park Zone,NA,No-take
2020-10_south-west_stereo-BRUVs,IO236,0,0,12,0,1,0,10,0,28,0,5,0,33,0,5,0,0,40,2.16,BRUV,0.472581563,Legacy,-34.08118897,114.9238721,20201016,12:22:00,South-west,C.IO.1,46.8,Yes,Yes,National Park Zone,NA,No-take
2020-10_south-west_stereo-BRUVs,IO237,0,0,0,0,0,0,0,0,0,0,0,0,11,0,11,0,0,20,0,BRUV,0,Legacy,-34.08118897,114.9363721,20201016,12:15:00,South-west,C.IO.1,43.2,Yes,Yes,NA,Cape Freycinet Sanctuary Zone,No-take
2020-10_south-west_stereo-BRUVs,IO239,0,0,0,0,0,0,0,0,0,0,0,0,33,0,33,0,1,39,0.041666667,BRUV,0.204124145,Legacy,-34.09118897,114.9313721,20201016,12:05:00,South-west,C.IO.1,45.9,Yes,Yes,NA,Cape Freycinet Sanctuary Zone,No-take
2020-10_south-west_stereo-BRUVs,IO241,0,0,7,0,0,0,19,0,28,0,2,0,28,0,0,0,21,19,2.96,BRUV,0.2,MBH,-33.99368897,114.7913721,20201019,6:26:00,South-west,C.IO.42,50.6,Yes,Yes,Special Purpose Zone (Mining Exclusion),NA,Fished
2020-10_south-west_stereo-BRUVs,IO244,0,0,5,0,0,0,12,0,19,0,2,0,23,0,4,0,3,32,1.88,BRUV,0.525991128,MBH,-34.00368897,114.9063721,20201019,11:35:00,South-west,C.IO.47,44.7,Yes,Yes,Special Purpose Zone (Mining Exclusion),NA,Fished
2020-10_south-west_stereo-BRUVs,IO245,0,2,6,0,0,0,7,0,20,2,3,0,20,0,0,20,0,20,2.533333333,BRUV,0.516397779,MBH,-34.00868897,114.9013721,20201019,11:30:00,South-west,C.IO.47,42.3,Yes,Yes,Special Purpose Zone (Mining Exclusion),NA,Fished
2020-10_south-west_stereo-BRUVs,IO253,0,0,0,0,0,0,0,0,1,0,1,0,17,0,16,0,3,17,0.533333333,BRUV,0.516397779,MBH,-34.01368897,114.7038721,20201123,12:15,South-west,C.IO.49,124,Yes,Yes,Special Purpose Zone (Mining Exclusion),NA,Fished
2020-10_south-west_stereo-BRUVs,IO254,0,1,0,0,2,1,0,0,5,0,1,0,35,0,30,0,2,38,1.12,BRUV,0.665832812,MBH,-34.01868897,114.6963721,20201123,12:10,South-west,C.IO.49,119,Yes,Yes,Special Purpose Zone (Mining Exclusion),NA,Fished
2020-10_south-west_stereo-BRUVs,IO258,2,0,10,0,0,0,8,0,20,0,0,0,20,0,0,20,0,20,3,BRUV,0,Legacy,-33.96618897,114.9138721,20201019,12:05:00,South-west,C.IO.20,45.2,Yes,Yes,NA,NA,Fished
2020-10_south-west_stereo-BRUVs,IO259,0,0,9,0,0,1,7,0,29,0,12,0,31,0,2,0,2,35,2.64,BRUV,0.489897949,Legacy,-33.96868897,114.9213721,20201019,12:00:00,South-west,C.IO.20,46.8,Yes,Yes,NA,NA,Fished
2020-10_south-west_stereo-BRUVs,IO260,0,0,8,0,1,0,11,0,29,0,9,0,32,0,3,0,2,36,2.461538462,BRUV,0.508391127,Legacy,-33.97118897,114.9163721,20201019,11:55:00,South-west,C.IO.20,46.3,Yes,Yes,NA,NA,Fished
2020-10_south-west_stereo-BRUVs,IO261,0,2,6,0,0,3,1,0,20,0,8,0,22,0,2,0,3,37,2.631578947,BRUV,0.830697586,Legacy,-33.97618897,114.9213721,20201019,11:46:00,South-west,C.IO.20,46.9,Yes,Yes,NA,NA,Fished
2020-10_south-west_stereo-BRUVs,IO262,0,0,2,0,0,0,27,0,29,0,0,0,35,0,6,0,3,37,2.3,BRUV,0.470162346,Legacy,-34.01368897,114.8738721,20201019,9:46:00,South-west,C.IO.19,41.9,Yes,Yes,Special Purpose Zone (Mining Exclusion),NA,Fished
2020-10_south-west_stereo-BRUVs,IO263,1,0,3,0,0,0,15,0,33,12,2,0,35,0,2,0,3,37,2.56,BRUV,0.506622805,Legacy,-34.00868897,114.8788721,20201019,9:52:00,South-west,C.IO.19,42.4,Yes,Yes,Special Purpose Zone (Mining Exclusion),NA,Fished
2020-10_south-west_stereo-BRUVs,IO264,0,0,11,0,1,0,0,0,14,0,2,0,31,0,17,0,4,29,1.636363636,BRUV,0.7267314,Legacy,-34.01868897,114.8738721,20201019,9:31:00,South-west,C.IO.19,42,Yes,Yes,Special Purpose Zone (Mining Exclusion),NA,Fished
2020-10_south-west_stereo-BRUVs,IO266,0,0,0,0,0,0,1,0,1,0,0,0,27,0,26,0,1,39,0.684210526,BRUV,0.671038298,Legacy,-34.02118897,114.7588721,20201015,8:06:00,South-west,C.IO.23,67.3,Yes,Yes,Special Purpose Zone (Mining Exclusion),NA,Fished
2020-10_south-west_stereo-BRUVs,IO267,0,3,3,0,0,5,1,0,12,0,0,0,31,0,19,0,1,39,1.740740741,BRUV,0.764228751,Legacy,-34.02618897,114.7638721,20201015,8:11:00,South-west,C.IO.23,62.5,Yes,No,Special Purpose Zone (Mining Exclusion),NA,Fished
2020-10_south-west_stereo-BRUVs,IO269,0,0,5,0,0,0,16,0,27,0,6,0,28,0,1,0,4,36,2.791666667,BRUV,0.414851117,Legacy,-33.98868897,114.8138721,20201019,7:18:00,South-west,C.IO.22,47.6,Yes,Yes,Special Purpose Zone (Mining Exclusion),NA,Fished
2020-10_south-west_stereo-BRUVs,IO272,0,1,6,0,0,0,15,0,24,0,2,0,27,0,3,0,1,39,2.428571429,BRUV,0.507092553,Legacy,-34.00868897,114.8138721,20201019,6:56:00,South-west,C.IO.21,49.2,Yes,No,Special Purpose Zone (Mining Exclusion),NA,Fished
2020-10_south-west_stereo-BRUVs,IO273,0,1,14,0,1,1,16,0,35,2,0,0,37,0,2,0,1,39,2.24,BRUV,0.723417814,Legacy,-33.99868897,114.8213721,20201019,7:07:00,South-west,C.IO.22,44.9,Yes,Yes,Special Purpose Zone (Mining Exclusion),NA,Fished
2020-10_south-west_stereo-BRUVs,IO275,0,0,0,0,0,0,0,0,0,0,0,0,33,0,33,0,1,39,0.961538462,BRUV,1.215920038,Legacy,-34.09868897,114.6463721,20201123,14:38,South-west,C.IO.15,140,Yes,No,National Park Zone,NA,No-take
2020-10_south-west_stereo-BRUVs,IO276,0,0,0,0,0,1,0,0,3,0,2,0,32,0,29,0,2,38,1,BRUV,0.561951487,Legacy,-34.10118897,114.6363721,20201123,7:34,South-west,C.IO.15,140,Yes,Yes,National Park Zone,NA,No-take
2020-10_south-west_stereo-BRUVs,IO277,0,0,0,0,1,1,0,6,9,0,1,0,37,0,28,0,3,37,1.36,BRUV,0.994987437,Legacy,-34.10618897,114.6463721,20201123,7:53,South-west,C.IO.15,139,Yes,Yes,National Park Zone,NA,No-take
2020-10_south-west_stereo-BRUVs,IO278,0,1,0,0,0,1,0,0,3,0,1,0,38,0,35,0,1,39,0.913043478,BRUV,0.596432079,Legacy,-34.11118897,114.6388721,20201123,7:45,South-west,C.IO.15,140,Yes,Yes,National Park Zone,NA,No-take
2020-10_south-west_stereo-BRUVs,IO280,0,1,0,0,0,0,0,0,2,0,1,0,30,0,28,0,1,39,0.454545455,BRUV,0.509647191,Legacy,-34.08868897,114.6738721,20201023,9:24:00,South-west,C.IO.14,139,Yes,Yes,National Park Zone,NA,No-take
2020-10_south-west_stereo-BRUVs,IO290,0,0,0,0,2,1,0,0,6,0,3,0,37,0,31,0,2,39,0.956521739,BRUV,0.638055346,Legacy,-34.06868897,114.7188721,20201023,7:07:00,South-west,C.IO.13,124,Yes,Yes,National Park Zone,NA,No-take
2020-10_south-west_stereo-BRUVs,IO291,0,0,0,0,0,0,0,0,0,0,0,0,30,0,30,0,2,38,0,BRUV,0,Legacy,-34.08368897,114.7488721,20201022,13:09:00,South-west,C.IO.12,109,Yes,Yes,National Park Zone,NA,No-take
2020-10_south-west_stereo-BRUVs,IO293,0,0,0,0,1,3,0,2,7,0,1,0,27,0,20,0,2,38,0.615384615,BRUV,1.168825841,Legacy,-34.08868897,114.7588721,20201022,12:55:00,South-west,C.IO.12,111,Yes,Yes,National Park Zone,NA,No-take
2020-10_south-west_stereo-BRUVs,IO294,0,3,0,0,0,5,0,0,10,0,2,0,37,0,27,0,1,40,1.151515152,BRUV,0.712443512,Legacy,-34.08368897,114.7538721,20201022,13:04:00,South-west,C.IO.12,114,Yes,Yes,National Park Zone,NA,No-take
2020-10_south-west_stereo-BRUVs,IO295,0,0,0,0,0,0,0,0,0,0,0,0,32,0,32,0,3,37,0,BRUV,0,Legacy,-34.10368897,114.7538721,20201022,12:25:00,South-west,C.IO.11,109,Yes,Yes,National Park Zone,NA,No-take
2020-10_south-west_stereo-BRUVs,IO297,0,0,0,0,0,0,0,0,0,0,0,0,26,0,26,0,1,39,0,BRUV,0,Legacy,-34.10618897,114.7488721,20201022,12:21:00,South-west,C.IO.11,114,Yes,Yes,National Park Zone,NA,No-take
2020-10_south-west_stereo-BRUVs,IO298,0,0,0,0,0,0,0,0,1,0,1,0,37,0,36,0,1,39,0.3,BRUV,0.470162346,Legacy,-34.07618897,114.6713721,20201023,9:39:00,South-west,C.IO.14,138,Yes,Yes,National Park Zone,NA,No-take
2020-10_south-west_stereo-BRUVs,IO299,0,0,0,0,0,1,0,0,1,0,0,0,34,0,33,0,1,39,0.333333333,BRUV,0.483045892,Legacy,-34.08118897,114.6763721,20201023,9:32:00,South-west,C.IO.14,139,Yes,Yes,National Park Zone,NA,No-take
2020-10_south-west_stereo-BRUVs,IO3,0,0,17,0,0,2,3,0,33,0,11,0,36,0,3,0,0,40,2.727272727,BRUV,0.455842306,MBH,-34.07618897,114.7838721,20201015,12:03:00,South-west,C.IO.43,62,Yes,Yes,National Park Zone,NA,No-take
2020-10_south-west_stereo-BRUVs,IO300,0,1,0,0,0,0,0,0,3,0,2,0,31,0,28,0,4,36,0.739130435,BRUV,0.448977759,Legacy,-34.08618897,114.6688721,20201123,7:18,South-west,C.IO.14,138,Yes,Yes,National Park Zone,NA,No-take
2020-10_south-west_stereo-BRUVs,IO302,0,0,0,0,0,0,0,0,0,0,0,0,31,0,31,0,6,34,0,BRUV,0,Legacy,-34.07118897,114.7238721,20201023,7:13:00,South-west,C.IO.13,122,Yes,Yes,National Park Zone,NA,No-take
2020-10_south-west_stereo-BRUVs,IO306,0,0,0,0,0,0,0,0,0,0,0,0,36,0,36,0,1,38,0.045454545,BRUV,0.213200716,Legacy,-34.10118897,114.7338721,20201022,10:29:00,South-west,C.IO.10,124,Yes,Yes,National Park Zone,NA,No-take
2020-10_south-west_stereo-BRUVs,IO307,0,0,0,0,0,3,0,0,4,0,1,0,34,0,30,0,2,38,0.8,BRUV,0.695852374,Legacy,-34.11868897,114.7263721,20201022,9:56:00,South-west,C.IO.9,128,Yes,Yes,National Park Zone,NA,No-take
2020-10_south-west_stereo-BRUVs,IO308,0,0,0,0,0,2,0,0,3,0,1,0,35,0,32,0,3,37,0.454545455,BRUV,0.505649897,Legacy,-34.11118897,114.7288721,20201022,10:06:00,South-west,C.IO.9,126,Yes,Yes,National Park Zone,NA,No-take
2020-10_south-west_stereo-BRUVs,IO310,0,0,4,0,0,2,1,0,12,0,5,0,36,0,24,0,0,40,1.444444444,BRUV,0.847318546,Legacy,-34.05868897,114.7738721,20201015,10:06:00,South-west,C.IO.8,64.7,Yes,Yes,National Park Zone,NA,No-take
2020-10_south-west_stereo-BRUVs,IO311,0,0,9,0,5,9,2,1,30,0,4,0,30,0,0,0,1,39,2.36,BRUV,0.489897949,Legacy,-34.05618897,114.7688721,20201015,10:03:00,South-west,C.IO.8,66.1,Yes,Yes,National Park Zone,NA,No-take
2020-10_south-west_stereo-BRUVs,IO312,0,4,3,0,2,1,3,0,17,0,4,0,27,0,10,0,3,37,2.2,BRUV,0.523148364,Legacy,-34.05868897,114.7788721,20201015,10:17:00,South-west,C.IO.8,61.2,Yes,Yes,National Park Zone,NA,No-take
2020-10_south-west_stereo-BRUVs,IO313,0,0,0,0,0,0,0,0,0,0,0,0,37,0,37,0,2,38,0.16,BRUV,0.374165739,Legacy,-34.09618897,114.7563721,20201022,12:47:00,South-west,C.IO.11,108,Yes,Yes,National Park Zone,NA,No-take
2020-10_south-west_stereo-BRUVs,IO319,0,0,0,0,1,3,0,0,5,0,1,0,38,0,33,0,1,39,1.076923077,BRUV,1.163548948,Legacy,-34.09368897,114.7313721,20201022,10:37:00,South-west,C.IO.10,124,Yes,Yes,National Park Zone,NA,No-take
2020-10_south-west_stereo-BRUVs,IO323,0,0,0,0,0,1,0,0,4,0,3,0,35,0,31,0,2,38,1.2,BRUV,0.615587011,Legacy,-34.03103333,114.6001,20201123,9:48,South-west,C.IO.27,141,Yes,Yes,Special Purpose Zone (Mining Exclusion),NA,Fished
2020-10_south-west_stereo-BRUVs,IO324,0,0,0,0,0,2,0,0,2,0,0,0,34,0,32,0,1,39,0.75,BRUV,0.442325868,Legacy,-34.00006,114.639778,20201023,11:59:00,South-west,C.IO.26,141,Yes,Yes,Special Purpose Zone (Mining Exclusion),NA,Fished
2020-10_south-west_stereo-BRUVs,IO325,0,2,6,0,0,4,0,0,15,0,3,0,33,0,18,0,2,38,1.76,BRUV,0.597215762,Legacy,-33.991557,114.743378,20201015,7:44:00,South-west,C.IO.25,85,Yes,Yes,Special Purpose Zone (Mining Exclusion),NA,Fished
2020-10_south-west_stereo-BRUVs,IO326,0,3,0,0,1,2,0,0,11,0,5,0,37,0,26,0,2,38,1.846153846,BRUV,0.924870053,Legacy,-34.00425,114.6892833,20201123,12:26,South-west,C.IO.24,121,Yes,No,Special Purpose Zone (Mining Exclusion),NA,Fished
2020-10_south-west_stereo-BRUVs,IO327,1,1,4,0,4,10,0,4,30,0,6,0,30,0,0,0,0,40,2.28,BRUV,0.678232998,Legacy,-34.02946667,114.7623833,20201015,8:17:00,South-west,C.IO.23,65.4,Yes,Yes,Special Purpose Zone (Mining Exclusion),NA,Fished
2020-10_south-west_stereo-BRUVs,IO328,0,0,8,0,0,0,25,0,36,3,0,0,39,0,3,0,0,40,2.875,BRUV,0.337831962,Legacy,-33.99356667,114.8213667,20201019,7:13:00,South-west,C.IO.22,43.8,Yes,Yes,Special Purpose Zone (Mining Exclusion),NA,Fished
2020-10_south-west_stereo-BRUVs,IO329,0,0,0,0,0,0,0,0,0,0,0,0,35,0,35,0,1,39,0,BRUV,0,Legacy,-34.06481667,114.7266333,20201023,7:18:00,South-west,C.IO.13,121,Yes,Yes,National Park Zone,NA,No-take
2020-10_south-west_stereo-BRUVs,IO330,0,1,0,0,16,5,0,3,27,0,2,0,37,0,10,0,3,37,2.142857143,BRUV,0.705233647,Legacy,-34.08833333,114.7545,20201022,13:00:00,South-west,C.IO.12,116,Yes,Yes,National Park Zone,NA,No-take
2020-10_south-west_stereo-BRUVs,IO331,0,0,0,0,0,0,0,0,0,0,0,0,34,0,34,0,2,38,0,BRUV,0,Legacy,-34.0984,114.75005,20201022,12:30:00,South-west,C.IO.11,112,Yes,Yes,National Park Zone,NA,No-take
2020-10_south-west_stereo-BRUVs,IO332,0,0,0,0,0,0,0,0,0,0,0,0,35,0,35,0,3,37,0,BRUV,0,Legacy,-34.09718333,114.7344833,20201022,10:33:00,South-west,C.IO.10,124,Yes,Yes,National Park Zone,NA,No-take
2020-10_south-west_stereo-BRUVs,IO333,0,0,0,0,2,2,0,0,5,0,1,0,49,0,44,0,3,57,0.529411765,BRUV,0.86112309,Legacy,-34.11301667,114.7251333,20201022,10:01:00,South-west,C.IO.9,127,Yes,Yes,National Park Zone,NA,No-take
2020-10_south-west_stereo-BRUVs,IO334,0,0,0,0,0,0,0,0,0,0,0,0,35,0,35,0,2,38,0.12,BRUV,0.439696865,Legacy,-34.06155,114.7753667,20201015,10:11:00,South-west,C.IO.8,64,Yes,Yes,National Park Zone,NA,No-take
2020-10_south-west_stereo-BRUVs,IO335,0,1,12,0,0,0,7,0,27,1,6,0,27,0,0,0,3,37,2.75,BRUV,0.440958552,Legacy,-34.06686667,114.7939833,20201015,10:31:00,South-west,C.IO.7,58,Yes,Yes,National Park Zone,NA,No-take
2020-10_south-west_stereo-BRUVs,IO336,0,0,7,0,0,2,18,0,31,1,3,0,33,0,2,0,1,39,2.444444444,BRUV,0.506369684,Legacy,-34.0924,114.8663667,20201016,10:03:00,South-west,C.IO.6,43.2,Yes,No,National Park Zone,NA,No-take
2020-10_south-west_stereo-BRUVs,IO337,1,0,4,0,0,0,31,0,36,0,0,0,36,0,0,0,3,37,3,BRUV,0,Legacy,-34.00536667,114.8202333,20201019,7:02:00,South-west,C.IO.21,43,Yes,Yes,Special Purpose Zone (Mining Exclusion),NA,Fished
2020-10_south-west_stereo-BRUVs,IO338,1,0,1,0,0,0,3,0,6,0,1,0,32,0,26,0,5,32,1.076923077,BRUV,0.744208408,Legacy,-33.97231667,114.92245,20201019,11:50:00,South-west,C.IO.20,46,Yes,Yes,NA,NA,Fished
2020-10_south-west_stereo-BRUVs,IO339,0,2,6,0,0,1,19,0,38,1,9,0,38,0,0,0,1,39,2.8,BRUV,0.484234198,Legacy,-34.01461667,114.8785,20201019,9:41:00,South-west,C.IO.19,41.1,Yes,Yes,Special Purpose Zone (Mining Exclusion),NA,Fished
2020-10_south-west_stereo-BRUVs,IO34,0,0,6,0,0,1,13,0,24,4,0,0,24,0,0,0,1,39,2.652173913,BRUV,0.486984754,MBH,-34.06118897,114.8713721,20201016,8:02:00,South-west,C.IO.35,41.3,Yes,Yes,National Park Zone,NA,No-take
2020-10_south-west_stereo-BRUVs,IO343,0,0,0,0,0,0,0,0,2,0,2,0,37,0,35,0,3,37,0.64,BRUV,1.113552873,Legacy,-34.10261667,114.6407167,20201123,7:38,South-west,C.IO.15,140,Yes,Yes,National Park Zone,NA,No-take
2020-10_south-west_stereo-BRUVs,IO344,0,1,0,0,0,2,0,0,3,0,0,0,33,0,30,0,4,36,0.92,BRUV,0.909212113,Legacy,-34.0844,114.6744,20201023,9:28:00,South-west,C.IO.14,138,Yes,No,National Park Zone,NA,No-take
2020-10_south-west_stereo-BRUVs,IO349,0,0,0,0,0,4,0,0,5,0,1,0,36,0,31,0,1,39,0.95,BRUV,0.394034463,Legacy,-34.02368897,114.5963721,20201123,10:03,South-west,C.IO.27,133,Yes,Yes,Special Purpose Zone (Mining Exclusion),NA,Fished
2020-10_south-west_stereo-BRUVs,IO350,0,0,0,0,0,3,0,0,3,0,0,0,36,0,33,0,1,39,1,BRUV,0.40824829,Legacy,-34.02618897,114.6038721,20201123,9:56,South-west,C.IO.27,135,Yes,Yes,Special Purpose Zone (Mining Exclusion),NA,Fished
2020-10_south-west_stereo-BRUVs,IO351,0,1,0,0,0,0,0,0,1,0,0,0,32,0,31,0,5,35,0.541666667,BRUV,0.588229966,Legacy,-34.03118897,114.5963721,20201123,10:13,South-west,C.IO.27,142,Yes,Yes,Special Purpose Zone (Mining Exclusion),NA,Fished
2020-10_south-west_stereo-BRUVs,IO352,0,3,0,0,3,2,0,0,17,0,9,0,40,0,23,0,0,40,1.4,BRUV,1.101722789,Legacy,-34.03618897,114.5988721,20201123,9:43,South-west,C.IO.27,133,Yes,Yes,Special Purpose Zone (Mining Exclusion),NA,Fished
2020-10_south-west_stereo-BRUVs,IO353,0,0,3,0,0,0,32,0,35,0,0,0,36,0,1,0,0,39,2.833333333,BRUV,0.380693494,Legacy,-34.05436667,114.8390667,20201015,14:43:00,South-west,C.IO.5,44.1,Yes,Yes,National Park Zone,NA,No-take
2020-10_south-west_stereo-BRUVs,IO354,0,0,5,0,0,0,18,0,38,15,0,0,38,0,0,0,1,38,2.909090909,BRUV,0.291937104,Legacy,-34.06605,114.84,20201015,14:29:00,South-west,C.IO.4,45,Yes,Yes,National Park Zone,NA,No-take
2020-10_south-west_stereo-BRUVs,IO355,0,0,2,0,0,0,2,0,4,0,0,0,19,0,15,0,3,37,1.708333333,BRUV,0.750603622,Legacy,-34.05473333,114.9111,20201029,10:38:00,South-west,C.IO.3,45,Yes,Yes,National Park Zone,NA,No-take
2020-10_south-west_stereo-BRUVs,IO356,0,0,13,0,0,0,6,0,22,0,3,0,34,0,12,0,1,39,2.225806452,BRUV,0.804556914,Legacy,-34.06956667,114.9184667,20201016,12:39:00,South-west,C.IO.2,46.8,Yes,Yes,National Park Zone,NA,No-take
2020-10_south-west_stereo-BRUVs,IO357,0,1,7,0,0,0,5,0,23,0,10,0,31,0,8,0,1,39,2.409090909,BRUV,0.959121171,Legacy,-34.08496667,114.928,20201016,12:08:00,South-west,C.IO.1,45.9,Yes,Yes,National Park Zone,NA,No-take
2020-10_south-west_stereo-BRUVs,IO36,0,0,0,0,0,0,0,0,0,0,0,0,29,0,29,0,3,37,0.12,BRUV,0.331662479,MBH,-34.10368897,114.7188721,20201022,10:23:00,South-west,C.IO.55,130,Yes,Yes,National Park Zone,NA,No-take
2020-10_south-west_stereo-BRUVs,IO361,0,1,0,0,3,3,0,0,9,0,2,0,29,0,20,0,1,39,1.52173913,BRUV,1.081647112,Legacy,-33.98868897,114.7413721,20201015,7:35:00,South-west,C.IO.25,84.7,Yes,Yes,Special Purpose Zone (Mining Exclusion),NA,Fished
2020-10_south-west_stereo-BRUVs,IO363,0,2,2,0,0,7,1,6,35,0,17,0,35,0,0,0,3,37,2.9,BRUV,0.959525745,Legacy,-33.98618897,114.7513721,20201015,7:26:00,South-west,C.IO.25,66.2,Yes,Yes,Special Purpose Zone (Mining Exclusion),NA,Fished
2020-10_south-west_stereo-BRUVs,IO364,0,0,0,0,0,2,0,0,5,0,3,0,34,0,29,0,2,38,0.608695652,BRUV,0.782718482,Legacy,-34.00868897,114.6888721,20201123,12:21,South-west,C.IO.24,130,Yes,Yes,Special Purpose Zone (Mining Exclusion),NA,Fished
2020-10_south-west_stereo-BRUVs,IO365,0,2,4,0,4,12,2,0,34,0,10,0,34,0,0,0,0,40,2.35,BRUV,0.489360485,Legacy,-34.02368897,114.7538721,20201015,8:23:00,South-west,C.IO.23,73.7,Yes,Yes,Special Purpose Zone (Mining Exclusion),NA,Fished
2020-10_south-west_stereo-BRUVs,IO369,0,0,0,0,0,6,0,0,9,0,3,0,31,0,22,0,3,37,1.05,BRUV,0.604805319,Legacy,-34.02868897,114.5913721,20201123,10:08,South-west,C.IO.27,133,Yes,Yes,Special Purpose Zone (Mining Exclusion),NA,Fished
2020-10_south-west_stereo-BRUVs,IO37,0,3,0,0,0,4,0,0,9,0,2,0,36,0,27,0,3,37,0.8,BRUV,0.523148364,MBH,-34.10868897,114.7188721,20201022,10:12:00,South-west,C.IO.55,130,Yes,Yes,National Park Zone,NA,No-take
2020-10_south-west_stereo-BRUVs,IO370,0,0,0,0,0,1,0,0,3,0,2,0,34,0,31,0,4,36,0.923076923,BRUV,1.163548948,Legacy,-33.99618897,114.6463721,20201023,12:10:00,South-west,C.IO.26,141,Yes,Yes,Special Purpose Zone (Mining Exclusion),NA,Fished
2020-10_south-west_stereo-BRUVs,IO372,0,2,0,0,1,2,0,0,7,0,2,0,32,0,25,0,1,39,1.347826087,BRUV,1.070628348,Legacy,-34.00618897,114.6438721,20201023,11:53:00,South-west,C.IO.26,140,Yes,No,Special Purpose Zone (Mining Exclusion),NA,Fished
2020-10_south-west_stereo-BRUVs,IO374,0,2,4,0,4,9,0,3,25,0,3,0,26,0,1,0,7,33,2.421052632,BRUV,0.507257274,Legacy,-33.98618897,114.7463721,20201015,7:31:00,South-west,C.IO.25,72.9,Yes,Yes,Special Purpose Zone (Mining Exclusion),NA,Fished
2020-10_south-west_stereo-BRUVs,IO377,0,0,0,0,0,0,0,0,0,0,0,0,37,0,37,0,3,37,0,BRUV,0,MBH,-34.13868897,114.7588721,20201022,7:40:00,South-west,C.IO.69,113,Yes,Yes,National Park Zone,NA,No-take
2020-10_south-west_stereo-BRUVs,IO378,0,0,0,0,0,4,0,0,5,0,1,0,36,0,31,0,3,37,0.636363636,BRUV,0.492365964,Legacy,-33.99368897,114.6388721,20201023,12:04:00,South-west,C.IO.26,141,Yes,Yes,Special Purpose Zone (Mining Exclusion),NA,Fished
2020-10_south-west_stereo-BRUVs,IO379,0,0,0,0,0,1,0,0,1,0,0,0,29,0,28,0,3,37,0.285714286,BRUV,0.560611911,Legacy,-34.08368897,114.6813721,20201123,6:58,South-west,C.IO.14,138,Yes,Yes,National Park Zone,NA,No-take
2020-10_south-west_stereo-BRUVs,IO4,0,2,9,0,0,4,0,2,21,0,4,0,22,0,1,0,1,39,1.153846154,BRUV,1.405483766,MBH,-34.09118897,114.7813721,20201015,12:17:00,South-west,C.IO.43,65.6,Yes,Yes,National Park Zone,NA,No-take
2020-10_south-west_stereo-BRUVs,IO40,0,0,0,0,0,0,0,0,0,0,0,0,32,0,32,0,4,35,0.5,BRUV,0.707106781,MBH,-34.10368897,114.7138721,20201022,10:17:00,South-west,C.IO.55,131,Yes,Yes,National Park Zone,NA,No-take
2020-10_south-west_stereo-BRUVs,IO46,0,0,0,0,0,0,0,0,0,0,0,0,38,0,38,0,2,38,0.05,BRUV,0.223606798,MBH,-34.06868897,114.7113721,20201023,6:44:00,South-west,C.IO.34,129,Yes,Yes,National Park Zone,NA,No-take
2020-10_south-west_stereo-BRUVs,IO47,0,0,0,0,0,2,0,0,3,0,1,0,26,0,23,0,0,40,0.25,BRUV,0.444261658,MBH,-34.06368897,114.7113721,20201023,6:53:00,South-west,C.IO.34,127,Yes,Yes,National Park Zone,NA,No-take
2020-10_south-west_stereo-BRUVs,IO49,0,0,0,0,0,0,0,0,0,0,0,0,34,0,34,0,1,39,0.4,BRUV,0.50262469,MBH,-34.06118897,114.7063721,20201023,6:59:00,South-west,C.IO.34,129,Yes,Yes,National Park Zone,NA,No-take
2020-10_south-west_stereo-BRUVs,IO5,0,0,0,0,1,0,0,0,1,0,0,0,29,0,28,0,2,38,1.041666667,BRUV,0.750603622,MBH,-34.08868897,114.7763721,20201015,12:12:00,South-west,C.IO.43,66.7,Yes,Yes,National Park Zone,NA,No-take
2020-10_south-west_stereo-BRUVs,IO58,0,5,0,0,5,1,0,3,15,0,1,0,29,0,14,0,6,34,2,BRUV,0.510753918,MBH,-34.13618897,114.7738721,20201022,7:21:00,South-west,C.IO.69,92.7,Yes,Yes,National Park Zone,NA,No-take
2020-10_south-west_stereo-BRUVs,IO59,0,0,0,0,2,0,0,0,2,0,0,0,38,0,36,0,1,38,0.571428571,BRUV,0.507092553,MBH,-34.14118897,114.7663721,20201022,7:33:00,South-west,C.IO.69,109,Yes,Yes,National Park Zone,NA,No-take
2020-10_south-west_stereo-BRUVs,IO62,0,0,0,0,0,0,0,0,0,0,0,0,36,0,36,0,1,39,0.642857143,BRUV,0.826159599,MBH,-34.13368897,114.7663721,20201022,7:45:00,South-west,C.IO.69,105,Yes,Yes,National Park Zone,NA,No-take
2020-10_south-west_stereo-BRUVs,IO64,0,0,9,0,0,0,14,0,24,0,1,0,30,0,6,0,2,38,2,BRUV,0.324442842,MBH,-34.01368897,114.8963721,20201019,11:26:00,South-west,C.IO.47,43.3,Yes,Yes,Special Purpose Zone (Mining Exclusion),NA,Fished
2020-10_south-west_stereo-BRUVs,IO65,0,0,17,0,0,0,3,0,20,0,0,0,33,0,13,0,3,37,1.56,BRUV,0.711805217,MBH,-34.01118897,114.8888721,20201019,11:20:00,South-west,C.IO.53,43,Yes,Yes,Special Purpose Zone (Mining Exclusion),NA,Fished
2020-10_south-west_stereo-BRUVs,IO66,0,2,6,0,0,2,12,0,32,6,4,0,38,0,6,0,1,38,2.423076923,BRUV,0.643308755,MBH,-34.01618897,114.8813721,20201019,9:36:00,South-west,C.IO.19,42.8,Yes,Yes,Special Purpose Zone (Mining Exclusion),NA,Fished
2020-10_south-west_stereo-BRUVs,IO71,0,0,0,0,0,1,0,0,1,0,0,0,37,0,36,0,1,39,0.045454545,BRUV,0.213200716,MBH,-34.00368897,114.6988721,20201123,12:31,South-west,C.IO.41,121,Yes,Yes,Special Purpose Zone (Mining Exclusion),NA,Fished
2020-10_south-west_stereo-BRUVs,IO72,0,0,1,0,0,0,28,0,31,1,1,0,31,0,0,0,2,25,2.48,BRUV,0.509901951,MBH,-34.03618897,114.8463721,20201019,9:05:00,South-west,C.IO.60,43.6,Yes,Yes,Special Purpose Zone (Mining Exclusion),NA,Fished
2020-10_south-west_stereo-BRUVs,IO73,0,0,6,0,0,0,16,0,33,11,0,0,34,0,1,0,0,34,2.47826087,BRUV,0.510753918,MBH,-34.02868897,114.8588721,20201019,9:22:00,South-west,C.IO.60,40.4,Yes,No,Special Purpose Zone (Mining Exclusion),NA,Fished
2020-10_south-west_stereo-BRUVs,IO74,0,0,9,0,0,0,5,0,32,15,3,0,32,0,0,0,0,39,2.8,BRUV,0.40824829,MBH,-34.02868897,114.8513721,20201019,9:14:00,South-west,C.IO.60,42.2,Yes,Yes,Special Purpose Zone (Mining Exclusion),NA,Fished
2020-10_south-west_stereo-BRUVs,IO75,0,0,6,0,0,0,11,0,28,9,1,1,30,0,2,0,3,33,2.541666667,BRUV,0.508977378,MBH,-34.03368897,114.8538721,20201019,9:10:00,South-west,C.IO.60,42.2,Yes,Yes,Special Purpose Zone (Mining Exclusion),NA,Fished
2020-10_south-west_stereo-BRUVs,IO80,0,0,4,0,0,0,15,0,31,9,3,0,32,0,1,0,5,35,2.653846154,BRUV,0.561591146,MBH,-34.09368897,114.8888721,20201016,10:30:00,South-west,C.IO.52,41.6,Yes,Yes,National Park Zone,NA,No-take
2020-10_south-west_stereo-BRUVs,IO81,0,0,2,0,0,0,10,0,15,2,1,0,20,0,5,0,0,19,2,BRUV,0.707106781,MBH,-34.09868897,114.8913721,20201016,10:20:00,South-west,C.IO.52,42,Yes,Yes,National Park Zone,NA,No-take
2020-10_south-west_stereo-BRUVs,IO91,0,0,2,0,0,0,16,0,18,0,0,0,23,0,5,0,4,36,2.181818182,BRUV,0.664498639,MBH,-34.09368897,114.8938721,20201016,10:25:00,South-west,C.IO.52,43.5,Yes,Yes,National Park Zone,NA,No-take
2020-10_south-west_stereo-BRUVs,IO92,0,0,13,0,0,1,15,0,33,4,0,0,34,0,1,0,1,39,2.347826087,BRUV,0.486984754,MBH,-34.09868897,114.8863721,20201016,10:16:00,South-west,C.IO.52,42.3,Yes,Yes,National Park Zone,NA,No-take
2020-10_south-west_stereo-BRUVs,IO95,0,0,0,0,0,0,0,0,0,0,0,0,35,0,35,0,2,38,0.095238095,BRUV,0.300792604,MBH,-34.12618897,114.7338721,20201022,8:21:00,South-west,C.IO.68,124,Yes,Yes,National Park Zone,NA,No-take
2020-10_south-west_stereo-BRUVs,IO96,0,0,0,0,0,0,0,0,0,0,0,0,36,0,36,0,1,39,0.16,BRUV,0.374165739,MBH,-34.13618897,114.7363721,20201022,8:06:00,South-west,C.IO.68,127,Yes,Yes,National Park Zone,NA,No-take
2020-10_south-west_stereo-BRUVs,IO98,0,0,0,0,0,0,0,0,1,0,1,0,31,0,30,0,3,37,0.45,BRUV,0.759154655,MBH,-34.13368897,114.7313721,20201022,8:13:00,South-west,C.IO.68,128,Yes,Yes,National Park Zone,NA,No-take
2020-10_south-west_stereo-BRUVs,IOC04,0,0,0,0,0,1,0,0,1,0,0,0,34,0,33,0,1,39,0.085714286,BRUV,0.284028641,Legacy,-34.08755,114.749265,20201022,13:16:00,South-west,C.IO.12,109,Yes,Yes,National Park Zone,NA,No-take
2020-10_south-west_stereo-BRUVs,IOC05,0,0,2,0,0,0,13,0,16,0,1,0,18,0,2,0,10,30,1.952380952,BRUV,0.21821789,Legacy,-34.05394,114.899843,20201029,10:46:00,South-west,C.IO.3,43.2,Yes,Yes,National Park Zone,NA,No-take
2020-10_south-west_stereo-BRUVs,IO215,0,0,0,0,0,0,0,0,0,0,0,0,35,0,35,0,3,37,0,BRUV,0,Legacy,-34.06868897,114.9263721,20201016,12:34:00,South-west,C.IO.2,46.7,Yes,Yes,National Park Zone,NA,No-take
2020-10_south-west_stereo-BRUVs,IOCP11-1,0,0,0,0,0,0,0,0,1,0,1,0,32,0,31,0,3,37,0.086956522,BRUV,0.288104066,Legacy,-33.992845,114.696642,20201123,12:39,South-west,C.IO.41,124,Yes,Yes,Special Purpose Zone (Mining Exclusion),NA,Fished
2020-10_south-west_stereo-BRUVs,IOCP11-2,0,0,2,1,4,8,0,2,33,0,16,0,35,0,2,0,1,39,2.515151515,BRUV,0.667139983,Legacy,-33.974332,114.692773,20201123,12:47,South-west,C.IO.41,124,Yes,Yes,Special Purpose Zone (Mining Exclusion),NA,Fished
2020-10_south-west_stereo-BRUVs,IOCP2311,0,0,0,0,1,0,0,0,1,0,0,0,18,0,17,0,2,17,0.933333333,BRUV,0.25819889,Legacy,-34.01858,114.601465,20201123,10:19,South-west,C.IO.46,142,Yes,Yes,Special Purpose Zone (Mining Exclusion),NA,Fished
2020-10_south-west_stereo-BRUVs,IOREDO344,0,0,0,0,0,1,0,0,1,0,0,0,14,0,13,0,4,16,0.3,BRUV,0.483045892,Legacy,-34.0844,114.6744,20201123,7:12,South-west,C.IO.14,138,Yes,Yes,National Park Zone,NA,No-take
